page,name,link,thumbnail,rating,date,snippet,images,local_guide
1,Firdaus Agil Prasetyo,https://www.google.com/maps/contrib/111423810639753200894?hl=id,https://lh3.googleusercontent.com/a-/ALV-UjWYynH8NXJHZVjRP02hX7-xS8E1cZreid20nSAOnwlgqTebzLBTMg=s120-c-rp-mo-ba3-br100,5.0,2 tahun lalu,"Dari luar tampak seperti rumah hantu. Tapi lihatlah ketika anda masuk sini. Semuanya begitu sempurna, tempatnya bagus, ruangannya bagus full AC dimana mana. Perpusnya juga bagus. Dosennya juga ramah ramah komunikatif juga. Pokoknya anda ga bakalan nyesel kalo kuliah disini. Pembelajaran juga interaktif. Dosennya muda muda semua under 35th.","['https://lh5.googleusercontent.com/p/AF1QipNj082DH4HrYR8Azv50QlCh7cj92AJjsTpV_nFS=w150-h150-k-no-p', 'https://lh5.googleusercontent.com/p/AF1QipP-pSCe4GOxdAQR_OkZqyhPtWIh3UQ2gTRhknJR=w150-h150-k-no-p', 'https://lh5.googleusercontent.com/p/AF1QipOZbPe073T9boymfSWqfmseLwlULJ2vLrU6MmaF=w150-h150-k-no-p']",True
1,Miftah NG,https://www.google.com/maps/contrib/112733895378084869744?hl=id,https://lh3.googleusercontent.com/a-/ALV-UjXiM3mcILDOlIFs91oc3piZA21ymjJ4eIC7PH36Qdu6i1MuLos=s120-c-rp-mo-ba3-br100,5.0,5 tahun lalu,"Unik. Kampus ""heritage"" pertama yang pernah saya datangi. Area bekas pabrik Semen Gresik yang dipindah ke Tuban. Para mahasiswa & staf ramah¬≤. Perpustakaan & fasilitas lainnya mantap. Adem kalau sudah masuk ke gedungnya.
Harus mampir kesini. Instagramable. (Sept. 2019)","['https://lh5.googleusercontent.com/p/AF1QipOwzzBIgPCNoudZD6tuDP9dRY24ho5LyEq6Lx8O=w150-h150-k-no-p', 'https://lh5.googleusercontent.com/p/AF1QipO5rzel8qNOkQiFmG_58nMeNt9siZ9D_aCR77Aj=w150-h150-k-no-p', 'https://lh5.googleusercontent.com/p/AF1QipOd6jiBiMaq_kDBxuY2L51F5ux5OhCvPQ1Y6iWV=w150-h150-k-no-p', 'https://lh5.googleusercontent.com/p/AF1QipMbSCMnJWad789Dw63z-JMh4MzvpdNVMwv5PARj=w150-h150-k-no-p', 'https://lh5.googleusercontent.com/p/AF1QipO_ukV967-FUx6tGwtHHDfhQSICed1PDwUJOvXf=w150-h150-k-no-p', 'https://lh5.googleusercontent.com/p/AF1QipMdelJAi7vdbvL65T3AfS6lIO7yb_QUWsfwuH79=w150-h150-k-no-p', 'https://lh5.googleusercontent.com/p/AF1QipMmRRmoy0BA_0h47AgUrYqrw5A5nk0O50udeJaS=w150-h150-k-no-p', 'https://lh5.googleusercontent.com/p/AF1QipOCbjCMvtR3HSGZtkPi6nxOKLHfMXWPpsDDSmaB=w150-h150-k-no-p']",True
1,Hafiz Nafi'uddin,https://www.google.com/maps/contrib/106993463417369882180?hl=id,https://lh3.googleusercontent.com/a-/ALV-UjWTCYyJ06inW2Hd4zF3bWMxOuVYw8pgZh_kPPFzA3Qc7udUPRt0=s120-c-rp-mo-ba3-br100,3.0,setahun lalu,"Universitasnya sangat bagus, tapi lebih diperhatikan untuk yang dikampus 2, jalannya agak licin dan berpasir jadi ditikungan mudah jatuh, üôè
Terima Kasih untuk dosen¬≤ dan Mahasiswa yang sangat membantu dan sangat baik sudah mau membantu seluruh proses belajar sampai selesai, üôè",,True
1,Chandra Bintang,https://www.google.com/maps/contrib/118060676265476302049?hl=id,https://lh3.googleusercontent.com/a/ACg8ocKeJefGIuYVfSrs_hP8aF7sy2_KQQ0PGpeuOssHWstJhqQM-A=s120-c-rp-mo-ba2-br100,1.0,7 bulan lalu,"Hati-hati dengan dosen gadungan yang bernama ""OKTAVIAN ZULFIKY"" yang mengaku bekerja di UISI dan terbukti telah memalsukan gelar S2 nya.",,True
1,Wandy Bear,https://www.google.com/maps/contrib/100607332718683476014?hl=id,https://lh3.googleusercontent.com/a-/ALV-UjVt8x-4tJI9NjDG1sEjP9GmcQVggaZ3LhQw6Am0k6HLHre8ZQE=s120-c-rp-mo-ba2-br100,3.0,setahun lalu,"Sementara 3 bintang dulu ya min.
Min, calon mahasiswa/mahasiswi yang buka dari keluarga karyawan dan bukan lulusan dr sekolah mitra, Apakah bisa untuk daftar/masuk di UISI?",,True
1,Fajar Rifat,https://www.google.com/maps/contrib/107573591074481720502?hl=id,https://lh3.googleusercontent.com/a/ACg8ocJqSWhWoEjHArQ4cjOGXsjpy5z30r991d_obOUoK9Yq9vsudg=s120-c-rp-mo-br100,2.0,setahun lalu,"Jalan masuk untuk motor ke kampus B paving nya banyak yg rusak ngak rata min, mending di jadikan 1 saja jalan masuk untuk motor dan mobil",,
1,Justin Hubner,https://www.google.com/maps/contrib/104049212345262751884?hl=id,https://lh3.googleusercontent.com/a/ACg8ocJMhOXYAr-L3BbRuvbzzLulHO48uKiGNsZlLHbn4-6h0NLZXkU=s120-c-rp-mo-ba3-br100,1.0,2 tahun lalu,"Dapat Orderan Go Ride Atas Nama ""Amelia S"" pada hari selasa 29 November 2022 pukul 14:56 katanya sudah menunggu di pos satpam ternyata masih jam kelas dan saya sudah nunggu hampir 1 jam di pos satpam orderan malah di cancel. Sudah di bantu beberapa mahasiswa dan mahasiswi yg lain untuk di carikan di WA temen"" prodinya tp tidak ada mungkin kebetulan bukan rekan prodinya.",,True
1,MiawLegenD_,https://www.google.com/maps/contrib/101901078491184110936?hl=id,https://lh3.googleusercontent.com/a-/ALV-UjVL7MZOjaBO-_ybRKuTXjDK0WeKpjh6Af--V-JHY3v7NgpV-ITC=s120-c-rp-mo-br100,1.0,5 bulan lalu,"Kekurangan yang ada :
1. Parkiran
Ga ada parkirannya, ga ada atapnya jadi bikin ban motor sering kempes, kalo hujan helmnya jadi basah, ga ngerti lagi sama parkirannya...
2. Tangga
Akses menuju gedung 4 tangganya sangat curam dan tidak aman apalagi waktu setelah hujan licin tolong diperbaikin
3. AC
Ac dibeberapa kelas terutama di gedung 3 banyak yg tidak berfungsi dengan baik, ac nya sangat berisik dan menganggu kelas, tidak bisa diatur suhu nya kadang sangat dingin tidak bisa diturunkan suhu nya jadi menganggu kelas, jika tidak pakai AC sangat panas apalagi ini gresik. Akses menuju gedung 3,4,5 kampus A tidak ada parkiran jadi harus parkir di depan dekat kantin maka membutuhkan energi ekstra untuk menuju kelas sampai dikelas malah AC nya bermasalahüòä
4. Kantin dan mushollah
Untuk kampus A lagi, untuk kantin nya bagi petugas kebersihan kampus harap dibersihkan karena menurut saya cukup kotor bagi tempat makan dan istirahat,
Kantinya di siang hari sangat panas mungkin karena atapnya yang besi, Kemudian untuk musholla, mungkin bisa direnovasi agar lebih bisa disebut mushollah karena ini tempat ibadah. Lalu pada meja kantin terdapat beberapa stopkontak yang tidak berfungsi dan besinya sudah berkarat dan mushala tempat wudhu perempuan kalau sudah maghrib tidak ada lampunya sehingga gelap dan terpaksa menggunakan flash HP.

Sangat tolong UKT tidak murah dan saya berharap mendapatkan fasilitas yang layak seperti kampus yang lain ‚ò∫Ô∏è

Edit ulasan : GA ADA SAMA SEKALII PERUBAHAN!! CUMAN DIKASIH LAMPU DOANG DIMUSHOLA ! PLIS LAH PARKIRAN, GA ADA PARKIRANNYA.",,True
2,thandmustedi Pur,https://www.google.com/maps/contrib/103335838612241809335?hl=id,https://lh3.googleusercontent.com/a-/ALV-UjUcWuP1btFgNnrq1Bd8TmKTzDqdmXWpS-ZOlnc2xxsmFfMiFBHm=s120-c-rp-mo-ba2-br100,1.0,4 tahun lalu,"1. Syarat pendaftaran kurang terperinci dan sistematis
2. Kurikulum perlu diinformasikan dg suatu harapan calon mahasiswa yg ingin mendaftar tahu, apa yg akan diberikan pihak kampus terhadap mahasiswa. (Mahasiswa mau didesaian menjadi lulusan seperti apa)
3. Karena ujungnya kuliah setelah lulus itu kerja, maka  jaminan apa yg bisa diberikan kampus terhadap kelulusannya. (Kl hanya sekedar meluluskan tanpa memberikan solusi/peluang kerja, tdk ada bedanya dg kebanyakan kampus yg hanya meluluskan pada akhirnya masih dipusingkan dg mencari kerja...)
4. Keunggulan-keunggulan apa yg bisa diberikan kampus terhadap mahasiswanya?
5. Maaf, bisa belajar dr PT lain bagaimana cara menginformasikan lebih lugas.
Sebenarnya masih banyak yg ingin saya sampaikan tapi untuk sementara cukup 5 hal itu, yg saya anggap masih perlu ditingkatkan.
Demikian yg bisa saya informasikan, mudah-mudah dapat dijadikan masukan.
Bravo Edi Purwanta moxer",,True
2,Nurtoha Mr,https://www.google.com/maps/contrib/112604912242796855771?hl=id,https://lh3.googleusercontent.com/a-/ALV-UjUcYp3DANZI29qGZ1fV4tsxQQpHG4xQT1ZnG4rgj8VzGwioYYU0=s120-c-rp-mo-ba4-br100,4.0,4 tahun lalu,"Lokasinya cukup Sejuk, asri dan bersih, banyak pohon2 yg rindang, Tempat parkir juga luas, ada Musholla, warung2 makan..
Pokoknya asik utk Belajar",,True
2,Achmad Sofyan Tsauri,https://www.google.com/maps/contrib/113254963858659990855?hl=id,https://lh3.googleusercontent.com/a-/ALV-UjUV_HZZaxLVOxH7s8sXRSkGXn82wXur0Bcp5oZ2e2CEDd2BdUjCPQ=s120-c-rp-mo-ba3-br100,5.0,7 tahun lalu,"Bukan hanya fasilitasnya saja yang menjadikan mahasiswa menjadi manusia seutuhnya, tapi pembelajaran yang memanusiakan manusialah yang membentuk manusia seutuhnya. Karena manusia adalah subjek perubahan, sehingga menjadi bagian utama dalam pelaku pembelajaran. Hal itu telah dibuktikan, selanjutnya pilihan masing-maisng untuk melanjutkan. Menjadi generasi emas di lembah penuh harta karun. Menginternasionlakan Indonesia.",,True
2,ali sugiarto,https://www.google.com/maps/contrib/115558904734470505527?hl=id,https://lh3.googleusercontent.com/a/ACg8ocIwwSBE9CyVQ-cpdYWJsELPmROhUZqcs_3mPRAr4RiLxonBUA=s120-c-rp-mo-ba5-br100,4.0,2 tahun lalu,"Perguruan tinggi swasta di gresik dan baru beberapa tahun, namun sdh go internasional, dan penyebaran mahasiswa baru dari semua propinsi se Indonesia",,True
2,Asdi Prasetyo,https://www.google.com/maps/contrib/108727125211587716865?hl=id,https://lh3.googleusercontent.com/a-/ALV-UjVno6L7nygDIQUIrrAoH52ZYogg816Qy1pkLqdHrj-7INoHfQWF=s120-c-rp-mo-br100,5.0,2 tahun lalu,"Lokasi yang unik, Satu-satunya di Indonesia kampus menyulap bangunan ex Pabrik Semen menjadi wadah pendidikan tinggi yang bertaraf Internasionl",,
2,Edhy Triono,https://www.google.com/maps/contrib/100677737509200851753?hl=id,https://lh3.googleusercontent.com/a-/ALV-UjVxyYPO8wyqnDcSXe3deVLKO2hrAqLksRPSKZmXHpae-p_AD9w=s120-c-rp-mo-ba3-br100,5.0,2 tahun lalu,"tempatnya lumayan keren, lokasi ada di dalam pabrik semen, parkiran juga luas, banyak pohon besar dan tinggi",,True
2,Naufal Maulana,https://www.google.com/maps/contrib/113687328415847022007?hl=id,https://lh3.googleusercontent.com/a-/ALV-UjVysGHefjHp_51wk80thdag2-oblwX1C7BhjYjHphR3dzJ83JE=s120-c-rp-mo-br100,5.0,2 bulan lalu,Sangat baik,,
2,Vardian Bagus,https://www.google.com/maps/contrib/101513950274774756790?hl=id,https://lh3.googleusercontent.com/a-/ALV-UjVsQNx-K1rpEp3q7xhe87dnyJKHsbCDu8uA2AXz4p-SzZbCbw5g6A=s120-c-rp-mo-br100,5.0,8 tahun lalu,Kampus UISI adalah Campus kebanggaan anak kami dan  genersi muda yang berusaha mencari ilmu yang bermanfaat aamiin,,True
2,Cat ‚ÄúThe Traveler‚Äù,https://www.google.com/maps/contrib/108215631198454452835?hl=id,https://lh3.googleusercontent.com/a-/ALV-UjV84aYdWdNjxNlWRpTQDUu0w77FB5WflLWwp-0yFzHAdqtFFlNS=s120-c-rp-mo-ba4-br100,5.0,3 tahun lalu,Kampusnya ada 2 lokasi yang di jl veteran sini. Kampus A dan kampus B tempat perpus instagramable,,True
2,moch khausar,https://www.google.com/maps/contrib/105266072805643422629?hl=id,https://lh3.googleusercontent.com/a-/ALV-UjXuFQ-GyDtriWShtgytGnyIntYFv0rQiaWj24Q41-hhLGmIOjPU=s120-c-rp-mo-ba3-br100,5.0,setahun lalu,"Tangyu orderan laptop thinkpadnya, ditunggu orderannya lagi üòäüòä",,True
3,ali bogem,https://www.google.com/maps/contrib/111316768051706230048?hl=id,https://lh3.googleusercontent.com/a-/ALV-UjW7skNhaCkQ2Qn1UxwvY15FyWcz7PKuhM-BZO9QYxQef3tmcH_Z=s120-c-rp-mo-br100,4.0,3 bulan lalu,ada jurusan apa saja ya,,
3,Fadhilah Dwiestri Handayani,https://www.google.com/maps/contrib/113690223716568211190?hl=id,https://lh3.googleusercontent.com/a/ACg8ocJ28gWKrrF91MwuBa-GhnLz3N5qR5rilj8Wicchos5QOrGHGA=s120-c-rp-mo-br100,5.0,2 tahun lalu,"Termasuk kampus terbaik di Gresik, dengan nuansa industrial nya dapet banget",,
3,hanifa fatma,https://www.google.com/maps/contrib/113217804446107223354?hl=id,https://lh3.googleusercontent.com/a/ACg8ocIaUFzO4-6ALNMSvTuSd6kz2OKOiE1Ebdg_ZS28NDpu1ir_Gg=s120-c-rp-mo-br100,5.0,2 tahun lalu,"Beda dengan kampus lain, keren. Banyak pengembangan softskill atau hardskill disini.",,
3,Indro Warkop,https://www.google.com/maps/contrib/116875139481616478399?hl=id,https://lh3.googleusercontent.com/a-/ALV-UjVKKtZ4VDGT5qiNpP05wlVJQGiZvhcokbkuYaZDi6iAMKTejndfKQ=s120-c-rp-mo-ba5-br100,5.0,4 tahun lalu,kampus luas.. megah,['https://lh5.googleusercontent.com/p/AF1QipPnlouy7tQGg3zSTTJpjLu5I4RYiddlCxQhfP0M=w150-h150-k-no-p'],True
3,Yunita Mardhiyyah,https://www.google.com/maps/contrib/106897950903509893890?hl=id,https://lh3.googleusercontent.com/a-/ALV-UjX7qK-96UqkKGZirJonSk4YR9CTidvpXV-kG3tE1QbRNm4T2PWxZA=s120-c-rp-mo-br100,5.0,4 tahun lalu,"Kampus baru di Gresik, swasta tapi bagus. Pengajarannya berkualitas, seperti PTN bahkan.",,True
3,lily mooi,https://www.google.com/maps/contrib/100048770078565069264?hl=id,https://lh3.googleusercontent.com/a-/ALV-UjUzzOyB3tPGh0Ocmi7eWdSrZWwgnGHQhDnnnS571WHkWOZExvgDxw=s120-c-rp-mo-ba8-br100,5.0,6 tahun lalu,Kampus yang berbasis korporasi. Salah satu Universitas terbaik yang ada di Gresik.,,True
3,Achmad Zainul Muttaqin,https://www.google.com/maps/contrib/109317118368899107850?hl=id,https://lh3.googleusercontent.com/a-/ALV-UjUm8SMDNU_bjq6a5yorCq6PBkty8IV3pP_tVRrwN3xlulxhuZs=s120-c-rp-mo-ba7-br100,5.0,7 tahun lalu,Fasilitas lengkap,"['https://lh5.googleusercontent.com/p/AF1QipPgF_dS-X9BmHEOphCxCHzafbECKFbxIvzvejcT=w150-h150-k-no-p', 'https://lh5.googleusercontent.com/p/AF1QipOif2q29wu2x_2xWXUboFNjBeUVTA_ClrPLuB9Z=w150-h150-k-no-p']",True
3,IMNYA umm what ever,https://www.google.com/maps/contrib/110897113213921790009?hl=id,https://lh3.googleusercontent.com/a-/ALV-UjXbWupbx4xakMTHp7zwquEeu_nwQy2N_HpDWfSTa--FD3E8RdJA=s120-c-rp-mo-br100,5.0,4 tahun lalu,"Kampus serasa Pubg üòÇ

Kampus pubg check",,
3,Conan Saputra,https://www.google.com/maps/contrib/108828568217230167132?hl=id,https://lh3.googleusercontent.com/a-/ALV-UjVFOkACr0-ZRYMzmMztJiHPnHB0LZJnqbp8a1RHILXs3fACNxS7=s120-c-rp-mo-br100,5.0,10 tahun lalu,bismillah dan alhamdulillah bisa kuliah disini... :D #ProudToBeSTiMSI,,
3,Ida Silvia,https://www.google.com/maps/contrib/102529866288684958022?hl=id,https://lh3.googleusercontent.com/a-/ALV-UjUlQQAbDTEpmla3NN_MYGxef7B7qpkl3ckgiF9_7JybZOAu9q48=s120-c-rp-mo-ba4-br100,5.0,7 tahun lalu,Bangga jadi bagian kampus ini üëç keep crafting the excellent,,True
4,Abdul Halim,https://www.google.com/maps/contrib/107354212259242458986?hl=id,https://lh3.googleusercontent.com/a-/ALV-UjW1prmWCOqqegiUA_Y4ZKcU4sAeyQE6PK1DiPMJpFNTBvn0z-5D=s120-c-rp-mo-ba2-br100,5.0,2 tahun lalu,Kampus baru namun melejit prestasinya.,,True
4,Pri Hinkap,https://www.google.com/maps/contrib/100087695416407378770?hl=id,https://lh3.googleusercontent.com/a-/ALV-UjW9XoAh9-CNJ6XzA7Kbuqu9ac3VjUFbiQRONW_W9LSrxFEViSx2=s120-c-rp-mo-ba7-br100,4.0,6 tahun lalu,Beruntung yang bisa kuliah di sini. Masa depan cerah menanti.,,True
4,Putri Ciprut,https://www.google.com/maps/contrib/109960180512085659477?hl=id,https://lh3.googleusercontent.com/a-/ALV-UjV6I1DyTl2hjWC3UMoQIaXDKceJx8ey2XVG7sByXl6Odl-sLXWE=s120-c-rp-mo-br100,5.0,2 tahun lalu,UISI  perfect...,"['https://lh5.googleusercontent.com/p/AF1QipNNrQMkD82RGX-8eDG9jViLiqn4_ZmvTSDBrp02=w150-h150-k-no-p', 'https://lh5.googleusercontent.com/p/AF1QipO8Am5lZ42oZgG5H1G-SoUbcGdQ-pT-paX0XJl-=w150-h150-k-no-p']",
4,LUKE Lifting,https://www.google.com/maps/contrib/114370927181763272060?hl=id,https://lh3.googleusercontent.com/a-/ALV-UjWGk4SgXIDRQruC_penh7TokH4dHaqwIjUD1aHmzorOd_SQsMy4rw=s120-c-rp-mo-ba3-br100,5.0,setahun lalu,Universitas terbaik di kota gresik,,True
4,Kwu Manajemen,https://www.google.com/maps/contrib/104614504077198016881?hl=id,https://lh3.googleusercontent.com/a/ACg8ocLlyK-OVtMehJJEpAY_CC7sNbZFKLXbgjTlikxIJDYGECIO-A=s120-c-rp-mo-br100,5.0,5 tahun lalu,"Kampus the best, pilihan dan internasional .",,
4,Copler Madura,https://www.google.com/maps/contrib/106788002842870605845?hl=id,https://lh3.googleusercontent.com/a-/ALV-UjU2WkBVcPfVBIUdYXPPerIe-AUYqiLDSAa57iZhs2LwAaBHqEk=s120-c-rp-mo-br100,5.0,2 tahun lalu,sangat puas,,True
4,Fahmi Nandip,https://www.google.com/maps/contrib/104342172780880432635?hl=id,https://lh3.googleusercontent.com/a-/ALV-UjXppwZqXUt2lBeHUnP57KCfVZKhSdwUTKZUR9ObEVOJUeJXgt5P=s120-c-rp-mo-ba4-br100,5.0,3 tahun lalu,"Tempatnya adem, asri, sejuk.",,True
4,Hendrik Nur cahya,https://www.google.com/maps/contrib/101105948110870142083?hl=id,https://lh3.googleusercontent.com/a-/ALV-UjVYHEo7-HafG4iSrN5lGXucAUlDstPnYU1qBonQsdW8V1NtinB_=s120-c-rp-mo-ba5-br100,4.0,6 tahun lalu,Arsitektur bangunan kampus bagus banget,,True
4,Sekarsari Utami Wijaya,https://www.google.com/maps/contrib/104082279056036260856?hl=id,https://lh3.googleusercontent.com/a-/ALV-UjUrhPYMKrYs_nKcYrwdKsNaPb78KDieWN7KIwLWW-VwDskNGUE=s120-c-rp-mo-br100,5.0,2 tahun lalu,Kampus Heritages pertama di Indonesia...,,True
4,mreza pp,https://www.google.com/maps/contrib/108843651474640556745?hl=id,https://lh3.googleusercontent.com/a-/ALV-UjUJO13dFfCZy3wvvn4DQcKmXZwryNCRkH0ubu7NwUR-dZLgbIs4=s120-c-rp-mo-ba4-br100,5.0,7 tahun lalu,kampus internasional terbaik di indonesia,,True
5,Hassan Asyrori,https://www.google.com/maps/contrib/113097546833780205728?hl=id,https://lh3.googleusercontent.com/a-/ALV-UjVTbHHCSxhHTY2IewT-imfLfGhfcvkKHTixOE1n2ZFQByIayKs=s120-c-rp-mo-ba4-br100,5.0,4 tahun lalu,Sangat menarik,,True
5,Putri Mas Cendhani Prasetyo,https://www.google.com/maps/contrib/111731589382877285882?hl=id,https://lh3.googleusercontent.com/a-/ALV-UjWKHtbB88hIg1JITPQvXmJ7g_tJRQHfRlFEWYiu6bEB09A4YZKS=s120-c-rp-mo-ba4-br100,5.0,3 tahun lalu,Fasilitas terbaikk,,True
5,Danyputra Dany,https://www.google.com/maps/contrib/106447865874148874294?hl=id,https://lh3.googleusercontent.com/a/ACg8ocKmkEPrtlXtdifxq8Enxj_zVAoi5SwsqoOdKanxGxTgaU2sRA=s120-c-rp-mo-br100,4.0,7 tahun lalu,Cari ilmu coz bisa kerjaa,,
5,Mukhammad Yunus,https://www.google.com/maps/contrib/114844580355674632632?hl=id,https://lh3.googleusercontent.com/a-/ALV-UjUBunQ3fRSk9ACwCE-7yNqQerPlkP50k75R_JsvT9o9oK5nxBY=s120-c-rp-mo-br100,5.0,9 tahun lalu,Semakin kokoh tak tertandingi,,
5,Sherpa Camp,https://www.google.com/maps/contrib/115118304801377262481?hl=id,https://lh3.googleusercontent.com/a-/ALV-UjUYNZCyBaviY_bD2hntlKtIxnPQ-MW4rzCALRaUin2_tOgFD2ou=s120-c-rp-mo-ba4-br100,5.0,5 tahun lalu,Kampus dengan sistem manajemen modern.,,True
5,Deny Prasetyo,https://www.google.com/maps/contrib/110347892607378863973?hl=id,https://lh3.googleusercontent.com/a-/ALV-UjXit4TeBQd7yV48K56IcX2lmOsHfbcIfclltp_lk-pbNGFQ67IB=s120-c-rp-mo-ba5-br100,5.0,7 tahun lalu,universitas nya bagus,,True
5,Carina Jihadda,https://www.google.com/maps/contrib/113982600897787733359?hl=id,https://lh3.googleusercontent.com/a-/ALV-UjWnIsQ-YHFJQI32AH_kp8mQdilVaBQleU18NGT4TpB5NQUJ-Lva=s120-c-rp-mo-ba5-br100,5.0,7 tahun lalu,Universitas yang sangat bagus,,True
5,Miftakhur Rohman,https://www.google.com/maps/contrib/101943568310007027119?hl=id,https://lh3.googleusercontent.com/a/ACg8ocKeU0mXtsuX1-JHVKODINzx9fIB8_MoWshVS7rVGOTbjVBMWg=s120-c-rp-mo-br100,5.0,4 tahun lalu,Sangat bagus,,True
5,Nuhan Herling,https://www.google.com/maps/contrib/112172382957644183312?hl=id,https://lh3.googleusercontent.com/a-/ALV-UjXVKISEUfT3T2t7K-Ubi9q6fkLFfBx4AazTG7VzoakJb7zU7KnY-g=s120-c-rp-mo-ba5-br100,4.0,8 tahun lalu,Sekarang memiliki kampus,,True
5,Laptop Gresik,https://www.google.com/maps/contrib/103230410397287770696?hl=id,https://lh3.googleusercontent.com/a-/ALV-UjUXoFb06sav8oYaA_kXuRfGv3hxvu4r3pvv1KiaeC4qd4L6IJU=s120-c-rp-mo-ba4-br100,5.0,6 tahun lalu,akreditasi lumayan bagus,,True
6,wahyudi yudi,https://www.google.com/maps/contrib/104717436415506070929?hl=id,https://lh3.googleusercontent.com/a-/ALV-UjUl_dsOOsl5RQATxVf-BIKeDofm-8j-f1aC5xYTz0iufF-1x9dtlQ=s120-c-rp-mo-ba5-br100,5.0,7 tahun lalu,KAMPUS UISI GRESIK,,True
6,Prasetyo Teguh Wahyudi,https://www.google.com/maps/contrib/102477565271564191121?hl=id,https://lh3.googleusercontent.com/a-/ALV-UjUQM6GkMgcIg_lyYb6thOI_5x4_PCQeofo8XQLSFYvdj0nbnieN=s120-c-rp-mo-ba5-br100,5.0,8 tahun lalu,Kampusnya Orang Gresik,,True
6,Aurel Maulida9oi,https://www.google.com/maps/contrib/104467050337248930624?hl=id,https://lh3.googleusercontent.com/a/ACg8ocLOF3Ou4Z4w8cVStS2-OwF6lutbrzoKdI6hA-4BiyvsRj3_=s120-c-rp-mo-br100,5.0,6 tahun lalu,Bagus banget,,
6,Ahmad Taufiq,https://www.google.com/maps/contrib/115314289806894018776?hl=id,https://lh3.googleusercontent.com/a-/ALV-UjWMB9lOGBOPpxBcwyUNIF1nfjdUHxjR_CgZVtAtvk3fBmWT2QRc=s120-c-rp-mo-ba4-br100,4.0,7 tahun lalu,kampus favorit di gresik,,True
6,Khasan Nadhif,https://www.google.com/maps/contrib/110638719799644706780?hl=id,https://lh3.googleusercontent.com/a-/ALV-UjUYN4yZcjrbghwYpywdlUWCpLb-K6cNn5-WBwYOV6988BBIft_4=s120-c-rp-mo-br100,5.0,6 tahun lalu,Kampus berbasis korporasi.,,True
6,ridwan yahya m,https://www.google.com/maps/contrib/113937262896255885166?hl=id,https://lh3.googleusercontent.com/a-/ALV-UjVVg8ydXgnARR0o6u0jjPCw-ppstBJ-lvtEbqf-DxDODeo5z2FIvA=s120-c-rp-mo-ba6-br100,4.0,7 tahun lalu,Universitas internasional semen indonesia,,True
6,afiful mahmudah,https://www.google.com/maps/contrib/109314507171327560765?hl=id,https://lh3.googleusercontent.com/a/ACg8ocISuTH22oAFJHbwc5orVdm9bSyrSMsOEQ2WwjM4VGeltXX4qQ=s120-c-rp-mo-br100,4.0,6 tahun lalu,Pengen kuliah disiniüòçüòçüòçüòç,,
6,Putera Sadiq Rahman,https://www.google.com/maps/contrib/116275285949009122191?hl=id,https://lh3.googleusercontent.com/a-/ALV-UjW1yxZjFgSX2oUiWT9-_Ug0DdTRpyfoEPAA9QXQ5niBVLAc37-b=s120-c-rp-mo-ba4-br100,5.0,8 tahun lalu,Mudahan masuk :-),,True
6,fatimatus zahra,https://www.google.com/maps/contrib/114693075157824322914?hl=id,https://lh3.googleusercontent.com/a-/ALV-UjXtdMa6SQb4oqrdyvnw8aY8lRA7LW1QVWVHYckk7SQi7x2awhA=s120-c-rp-mo-br100,5.0,8 tahun lalu,mantap,,True
6,Makki Com,https://www.google.com/maps/contrib/117129583327579114125?hl=id,https://lh3.googleusercontent.com/a/ACg8ocKYj5drFK7W4jdnCXeDPQUTrGNKYbuffkhE-HGtBfSe49D3=s120-c-rp-mo-ba2-br100,5.0,6 tahun lalu,Best kampus,,True
7,Zuhal Syam,https://www.google.com/maps/contrib/113577357094957594003?hl=id,https://lh3.googleusercontent.com/a-/ALV-UjUS9CHh0KrMKHMqzJ8Qjjsd8EB1l7D1wyLkF3MVZTEGLw_LWDc=s120-c-rp-mo-br100,5.0,8 tahun lalu,internasional,,True
7,Yoga Dharmawan,https://www.google.com/maps/contrib/113473796213572925436?hl=id,https://lh3.googleusercontent.com/a-/ALV-UjVuvssL5oDW2T5I1Ai3zdtQRi9FEiTUUogB2jlvpr0WZb7NoNk=s120-c-rp-mo-ba2-br100,5.0,4 tahun lalu,"Uniqe campus, especially its Campus B which transformed from ex Cement Coal Mill. Gain many experiences directly from experts from PT Semen Indonesia through both lectures and work learning",,True
7,Â∏ùÂÖãË´æ,https://www.google.com/maps/contrib/101730148999705834120?hl=id,https://lh3.googleusercontent.com/a-/ALV-UjWp1qpGXDxEDnCjqV_jYXEufZ3xP5QIMt0X8wf2aHgKfNR8qDRK=s120-c-rp-mo-br100,5.0,2 tahun lalu,I truly impressed with the beautiful and comfortable scene of this campus.,,
7,Ikrar Nusa Bakti,https://www.google.com/maps/contrib/114787318470678296956?hl=id,https://lh3.googleusercontent.com/a-/ALV-UjXwiR7A45jh40AQ-O7lPeixYhYiDoU9f9in6CGjrZK6NFoGUKk=s120-c-rp-mo-br100,5.0,setahun lalu,üëç,,
7,Sultania Faris,https://www.google.com/maps/contrib/113923846614064095711?hl=id,https://lh3.googleusercontent.com/a-/ALV-UjVZbXXvL547IYOOzAQ8qN3Uqz5ilMx0PdFvpxnmXqIVz6S2rg=s120-c-rp-mo-ba3-br100,5.0,2 tahun lalu,,['https://lh5.googleusercontent.com/p/AF1QipNLzqVc1KDhv9Z3G_2xXSGLS_ekCel7UIZaQWo=w150-h150-k-no-p'],True
7,Diyanto Alie,https://www.google.com/maps/contrib/101580478720150916093?hl=id,https://lh3.googleusercontent.com/a-/ALV-UjUqAblZcDLKJcMpZjps6GQ3f9o_BypBEwlHCfshEY4G99KfFFp0=s120-c-rp-mo-ba5-br100,5.0,7 tahun lalu,Still in new University but a lot facilities,,True
7,Ahmad Hudaifah,https://www.google.com/maps/contrib/112703718336563688758?hl=id,https://lh3.googleusercontent.com/a-/ALV-UjXs7K9W-TPIjNjfcliw9bV5g3jVY7E86cjVu8Y7VZ0tXcN5Hmo8=s120-c-rp-mo-ba3-br100,5.0,4 tahun lalu,Homy reputable private university,,True
7,nanana lalaladududu,https://www.google.com/maps/contrib/100944998077221279751?hl=id,https://lh3.googleusercontent.com/a/ACg8ocJh7j8OeuxcLc6lxauyjZcZHhZOqNiLm3WaJrdCUcMbI38_hw=s120-c-rp-mo-br100,5.0,4 tahun lalu,,"['https://lh5.googleusercontent.com/p/AF1QipMmjT-Jwn-iiQ6PIQmQPB54PhAWKiLpsvk1fywP=w150-h150-k-no-p', 'https://lh5.googleusercontent.com/p/AF1QipP5BA-VLQUJF_ppNf31iTmxFEwiXNM0n9yXKV_l=w150-h150-k-no-p']",True
7,teddy fauzi,https://www.google.com/maps/contrib/105549303253802235769?hl=id,https://lh3.googleusercontent.com/a-/ALV-UjUhi0MuPZRc5cf25FFitK3sngMYEi1qDmdp441paU51C_Q8d3I=s120-c-rp-mo-br100,5.0,6 tahun lalu,Niceeee,,True
7,Zain Afif,https://www.google.com/maps/contrib/115970664697900650430?hl=id,https://lh3.googleusercontent.com/a-/ALV-UjXgc9a2puy2Bkc2rxNLunPP7pCJOOCtS1P-bfcLN4hWVqQ2NMw=s120-c-rp-mo-ba5-br100,4.0,8 tahun lalu,Stimsi,,True
8,Woodsett Indonesia,https://www.google.com/maps/contrib/108477524988788757484?hl=id,https://lh3.googleusercontent.com/a-/ALV-UjVRTAOY-G-95hx9FukSxNovBDKU_wS9_RZfvbOQayalnctsh5nV=s120-c-rp-mo-ba5-br100,5.0,4 tahun lalu,Good campus,,True
8,Ainun N Rahayu,https://www.google.com/maps/contrib/104792660269334764691?hl=id,https://lh3.googleusercontent.com/a-/ALV-UjVJIfdk0PSXjfvslj2sb1jQJ8gHE_eGufUKop2vhSRK8MHtR80mZA=s120-c-rp-mo-ba4-br100,5.0,6 tahun lalu,Tekkim dabestüíïüëå,,True
8,Achmad Choiri,https://www.google.com/maps/contrib/100031405930485897330?hl=id,https://lh3.googleusercontent.com/a-/ALV-UjVyEE6Ycf3zjRvAdtQ1pKcoqD5jw6sIYbzzogZuBHJxkO2cuRw=s120-c-rp-mo-ba6-br100,5.0,3 tahun lalu,With good people,,True
8,Ahmad Asrofi,https://www.google.com/maps/contrib/102952338194417596911?hl=id,https://lh3.googleusercontent.com/a-/ALV-UjU4pGPx6rtXXrWfcLjMJ8Yxxo1hcnMtXLxrm1XQR_Ne2L6nG_cO=s120-c-rp-mo-br100,5.0,4 tahun lalu,good,,
8,Andi Zulfikar D,https://www.google.com/maps/contrib/106673993030784858274?hl=id,https://lh3.googleusercontent.com/a-/ALV-UjWzcudShGAqybmgLEMoHPXRw8c5WSTO0LFr8L6PE2u_7Iuwt5Di0A=s120-c-rp-mo-ba4-br100,5.0,7 tahun lalu,Crafting the Excellent,,True
8,Muhammad Aktssam Alfarisi,https://www.google.com/maps/contrib/112562057703783010945?hl=id,https://lh3.googleusercontent.com/a-/ALV-UjV37TTWtLyzzLjvBufl5QvS4l6kOjXvMyhD2DK5PYLVc5SkvU_mkw=s120-c-rp-mo-ba3-br100,5.0,3 tahun lalu,,['https://lh5.googleusercontent.com/p/AF1QipMg-JVu8hpmhSxPBA5wrczcwImKLlGoEYIorxJ0=w150-h150-k-no-p'],True
8,Ariya Suyono,https://www.google.com/maps/contrib/106079075173726980463?hl=id,https://lh3.googleusercontent.com/a-/ALV-UjV-HNyEwd7H0g4fnhtEuX1Rb8FmwPOrUtRLeCiBtHbV80sHWIu0=s120-c-rp-mo-ba3-br100,5.0,3 tahun lalu,,,True
8,Assifa Nur Rohmah,https://www.google.com/maps/contrib/108922041196112118623?hl=id,https://lh3.googleusercontent.com/a/ACg8ocLDQKyggNFy2Uvi8i4dtOdF21v9kSnt8jVUMML1eSQO7fl0aDs=s120-c-rp-mo-ba2-br100,5.0,3 tahun lalu,,,True
8,Anggita Fitri,https://www.google.com/maps/contrib/106024848785205879195?hl=id,https://lh3.googleusercontent.com/a-/ALV-UjUz6zniTL5RfFkl7t6KlZRrzvR_je37jDzwUD37Pl42oMtEouvs=s120-c-rp-mo-br100,5.0,7 tahun lalu,,,
8,Farah Sefiefa,https://www.google.com/maps/contrib/102896069493726931340?hl=id,https://lh3.googleusercontent.com/a-/ALV-UjWxB7PH0zf0PyenjY8HKWSrryz3zxpd--1VwmR_Go-ZOEmNQet_=s120-c-rp-mo-br100,5.0,3 tahun lalu,,,
9,Ian ‚ÄúIaNa‚Äù Na,https://www.google.com/maps/contrib/100336194899088970999?hl=id,https://lh3.googleusercontent.com/a-/ALV-UjUuiDnsBfhnz4fzE-eJEod8UwPRgoT1eBQJOI7_bdovlQqcRtUyXQ=s120-c-rp-mo-br100,5.0,7 tahun lalu,,,
9,witri aulia,https://www.google.com/maps/contrib/116191555234019084276?hl=id,https://lh3.googleusercontent.com/a-/ALV-UjUup6PARKg0YdIyrr_0QPMcn0S4V_1ZXP6QVMlQ0xid4wyG8aI=s120-c-rp-mo-br100,5.0,6 tahun lalu,,,
9,Nefi Yunilistya,https://www.google.com/maps/contrib/107912091517021458690?hl=id,https://lh3.googleusercontent.com/a-/ALV-UjWJ1dwcK2nzXAATBzdzQ5ePC4Qt88IJ9MF-44-FdJ9I7Vwbkck7=s120-c-rp-mo-br100,5.0,5 tahun lalu,,,
9,Fiqi Zuhrufa,https://www.google.com/maps/contrib/102140959367703637477?hl=id,https://lh3.googleusercontent.com/a-/ALV-UjXy5e3CVG6lYxizwH832NHYF7VpGL1QCaIjx17VB9XpoWe9uSc=s120-c-rp-mo-ba2-br100,5.0,2 tahun lalu,,,True
9,Heri Purnomo,https://www.google.com/maps/contrib/103868551189764093910?hl=id,https://lh3.googleusercontent.com/a-/ALV-UjWJ29O4O-5CvHDYHZNPIO5Zy8jpT9J35ArrvMyXZH2C8giLhIiXVg=s120-c-rp-mo-ba4-br100,4.0,8 tahun lalu,,,True
9,Tita Hayubunga,https://www.google.com/maps/contrib/113374665288325503398?hl=id,https://lh3.googleusercontent.com/a-/ALV-UjW_tIpqNPzawnJck0_PKshBhTfPVUDZd0b_fvsjsRTeGtZjw-Lq=s120-c-rp-mo-br100,5.0,2 tahun lalu,,,
9,valent ramadhan,https://www.google.com/maps/contrib/117273858516070779069?hl=id,https://lh3.googleusercontent.com/a-/ALV-UjU6vPTxzscS_ew3RxtE-FEw_oZXlXb1vdsDp12WLAuEQKJCtcY=s120-c-rp-mo-br100,3.0,8 tahun lalu,,,True
9,Faishal Hilmi,https://www.google.com/maps/contrib/105421239774121123987?hl=id,https://lh3.googleusercontent.com/a-/ALV-UjVlNZ6-HxdQEAVcY2810rkd1ASaC7-8eMerEjkmYuOsGnIEWdlD=s120-c-rp-mo-br100,5.0,3 tahun lalu,,,True
9,EKA WISNU WARDHANA,https://www.google.com/maps/contrib/108276628736607441624?hl=id,https://lh3.googleusercontent.com/a-/ALV-UjVMiQOnDE6yMpJCdLnmvDfEejXWPXimWTjDJY4ArveYlT6xAcKOVg=s120-c-rp-mo-ba4-br100,5.0,6 tahun lalu,,,True
9,Rudi Susanto oficial,https://www.google.com/maps/contrib/114748429467539685215?hl=id,https://lh3.googleusercontent.com/a/ACg8ocJqt7z0CBuQF4eyfSiI_7-tk7TTeLRUkoBsQn-JDL-OH9jI8Q=s120-c-rp-mo-br100,5.0,3 tahun lalu,,,
10,Fairianto Firmanza,https://www.google.com/maps/contrib/106839955130449456773?hl=id,https://lh3.googleusercontent.com/a-/ALV-UjX8DhXOoblu71xXCzy8LBX3pwMmhM1SDCghU0vv-rH3hIqbtobQ=s120-c-rp-mo-ba3-br100,1.0,3 tahun lalu,,,True
10,Dinda AR,https://www.google.com/maps/contrib/107627553393220106874?hl=id,https://lh3.googleusercontent.com/a-/ALV-UjWE2qmp2iySUhiW1-fp-9qEO40xKeSOiMGZbUHDOwvIci7gqi55=s120-c-rp-mo-br100,5.0,setahun lalu,,,True
10,akiko terui,https://www.google.com/maps/contrib/106384456991754409703?hl=id,https://lh3.googleusercontent.com/a/ACg8ocKQwxkXsQcA6I28zBkh_ndF4KH7aEsF4iRHacxBxx4IdXnszg=s120-c-rp-mo-br100,5.0,2 tahun lalu,,,
10,Aprillia Setyaningrum,https://www.google.com/maps/contrib/112704694784734507355?hl=id,https://lh3.googleusercontent.com/a-/ALV-UjU_Uz4zff8hm8HaVVVWXqDVvkGBgDC96s8gshb6wyYMkFWrHc2i=s120-c-rp-mo-br100,5.0,4 tahun lalu,,,
10,Cici Amelia Melika,https://www.google.com/maps/contrib/108169080550296407807?hl=id,https://lh3.googleusercontent.com/a-/ALV-UjW92c9V5wQSXnX3wj7P9o_Xivx5ubG1jgOMC7XLhrbhWrgVW5q4=s120-c-rp-mo-br100,5.0,5 tahun lalu,,,
10,Wafiyah,https://www.google.com/maps/contrib/108129536995235211106?hl=id,https://lh3.googleusercontent.com/a-/ALV-UjXZaDZW4t_08ACtIgW6REw2QwO_SZPYJWIuobjuHxQJ9Fzq5c5l=s120-c-rp-mo-br100,5.0,8 tahun lalu,,,True
10,Erdhian KS,https://www.google.com/maps/contrib/110678107513243061054?hl=id,https://lh3.googleusercontent.com/a-/ALV-UjVKWZibgDJJHDy1PvJi4iwK9QOFGdyU8pvQERAT4oLFY8Ok5cv2=s120-c-rp-mo-ba3-br100,5.0,8 tahun lalu,,,True
10,Agnesya Trisna,https://www.google.com/maps/contrib/106921596218370130244?hl=id,https://lh3.googleusercontent.com/a-/ALV-UjWLZStcum98RJyOllCMrQUUrXi_foKB852jywoIifOOxNd8VSSk=s120-c-rp-mo-br100,5.0,setahun lalu,,,True
10,Alfiana Fitri,https://www.google.com/maps/contrib/101198147941209295628?hl=id,https://lh3.googleusercontent.com/a/ACg8ocKJK4hPnVYZH3e-pLrUmFyZnHEQ2quhjjmMzdMMUUlNxXwwRA=s120-c-rp-mo-br100,5.0,4 tahun lalu,,,
10,Andri. Bagus93@gmail.com,https://www.google.com/maps/contrib/117701551750693826107?hl=id,https://lh3.googleusercontent.com/a/ACg8ocKL2sZ6PxF9F9mEex8DAMhHccugq_9wvvuXF04QXrnoDYafNg=s120-c-rp-mo-br100,5.0,8 tahun lalu,,,
11,Kristina Endang,https://www.google.com/maps/contrib/108328948745786234030?hl=id,https://lh3.googleusercontent.com/a/ACg8ocLIneLAZjbM-c2Xl9mZA2bW2y8MqmcWw7hZUI5gabP3r6Q0Cg=s120-c-rp-mo-br100,5.0,3 bulan lalu,,,
11,elyana puspita,https://www.google.com/maps/contrib/110083435033647864651?hl=id,https://lh3.googleusercontent.com/a-/ALV-UjU9zT0Q_bYNK_GGpU7JVQqNRwkVd6xrJefOcKAPEdqIoRFYM2A=s120-c-rp-mo-br100,5.0,6 tahun lalu,,,
11,Elisa Putri Wachdaniyah,https://www.google.com/maps/contrib/106705845670509959199?hl=id,https://lh3.googleusercontent.com/a/ACg8ocL83QfHP_krjnwMDqTGskSetX_6MK5bVMTy6iZ6HSIsdS-10Q=s120-c-rp-mo-br100,5.0,2 tahun lalu,,,True
11,Agus Rizqi,https://www.google.com/maps/contrib/110724347050457480119?hl=id,https://lh3.googleusercontent.com/a-/ALV-UjUp5Vgf9vs4vDVhrLu7EQopO2sNhMsfl6ny2Nkmw9C7CDY_KPtu=s120-c-rp-mo-br100,5.0,10 tahun lalu,,,
11,RUDOLF BACKER LEEGSTRA,https://www.google.com/maps/contrib/101954318961398004131?hl=id,https://lh3.googleusercontent.com/a-/ALV-UjUuGTT9MkMy1A73bwlHEtcRFq9H1Tszh6jFYKVNPqII3ZLIqPwU=s120-c-rp-mo-br100,5.0,8 tahun lalu,,,
11,M T,https://www.google.com/maps/contrib/110572409079730530521?hl=id,https://lh3.googleusercontent.com/a/ACg8ocKw5wlzbVJrd6ukSvgMmy5bQTUAHDc6of9xhIzmnp07NGgy5whz=s120-c-rp-mo-ba4-br100,4.0,8 tahun lalu,,,True
11,Tugi Styawan,https://www.google.com/maps/contrib/115234268320116578723?hl=id,https://lh3.googleusercontent.com/a-/ALV-UjXfDm5NQTiJmJaBoC7k0YXSpYaG9wxtUvLfdykVGrZgD50wpW08=s120-c-rp-mo-br100,5.0,6 tahun lalu,,,True
11,serginho 08,https://www.google.com/maps/contrib/110263054375017758403?hl=id,https://lh3.googleusercontent.com/a-/ALV-UjVzoxrP3I2htEqZc0vPXvnvTTb12a0GIyFEYYxuH5_LUyV-TT6OiQ=s120-c-rp-mo-br100,5.0,5 tahun lalu,,,
11,faizal adjie,https://www.google.com/maps/contrib/106702196941051012572?hl=id,https://lh3.googleusercontent.com/a-/ALV-UjXybziAzwCPLgtB_Mm3k_rRD6z_sH92CR8acTa_2QM9UjTNFWE=s120-c-rp-mo-ba2-br100,5.0,9 tahun lalu,,,True
11,Reno Herdhiansyah,https://www.google.com/maps/contrib/102780606912038934156?hl=id,https://lh3.googleusercontent.com/a-/ALV-UjWf182gDXayTUQ_j-KLhWRMm8YuRIv4F9OIqdyCESxKP8e8eIAo1w=s120-c-rp-mo-ba7-br100,5.0,setahun lalu,,"['https://lh5.googleusercontent.com/p/AF1QipPljn3CAFywdVkOcivSi_2f_G44YjbSM8SMth1A=w150-h150-k-no-p', 'https://lh5.googleusercontent.com/p/AF1QipNXyEB-vFnaqlTN4bHuIEvI6BHf55TCfAj0E5qh=w150-h150-k-no-p', 'https://lh5.googleusercontent.com/p/AF1QipOg_hM__om2jTALbwPHN5dFSMpvg_szYnZUfGyS=w150-h150-k-no-p', 'https://lh5.googleusercontent.com/p/AF1QipO0r4qGm_C6VWTU_j8Jp8RDyIwfHJjhTCI-mmsP=w150-h150-k-no-p', 'https://lh5.googleusercontent.com/p/AF1QipPB4K0ybzQDo0so10nQUwrjf9z56otpDb68EHxb=w150-h150-k-no-p', 'https://lh5.googleusercontent.com/p/AF1QipMq00bSvhYG1yK_nTo_Y6UlcM3vAI4mv9_YGbFw=w150-h150-k-no-p']",True
12,Adi Sepriyanto,https://www.google.com/maps/contrib/118423122506965285231?hl=id,https://lh3.googleusercontent.com/a/ACg8ocKLmQC5clBgiBDan_kbjA8lLeKTDqjp3kLDCb-b3p_lLTwHnQ=s120-c-rp-mo-br100,5.0,2 tahun lalu,,,True
12,muhammad wildan,https://www.google.com/maps/contrib/116376964774371926501?hl=id,https://lh3.googleusercontent.com/a-/ALV-UjWr3edTD2KuImMaWzheuXaCyVLfiKwZOpQmQxFhbSf7s1VFjS9o6Q=s120-c-rp-mo-ba5-br100,4.0,sebulan lalu,,,True
12,E2 Channel,https://www.google.com/maps/contrib/109219107474940489673?hl=id,https://lh3.googleusercontent.com/a-/ALV-UjUSSXeme6mE4Bl6nDO5FtM8MxvzywznKErh0-S4ILbUCnB_3fa8=s120-c-rp-mo-ba2-br100,1.0,8 tahun lalu,,,True
12,Aulia Hanni,https://www.google.com/maps/contrib/102635363634951737277?hl=id,https://lh3.googleusercontent.com/a-/ALV-UjXAjCiDML4OoPrjEjs7tDuiLuQFhFM3jHPMHdU2uedCASWeggLq=s120-c-rp-mo-br100,5.0,4 tahun lalu,,,
12,Achmad Arief al Hinani,https://www.google.com/maps/contrib/112845065639699364322?hl=id,https://lh3.googleusercontent.com/a-/ALV-UjUvY4ffWDEHGkEDoKXRVPkmo_I-wYrv8vuMl97iB7dkaQHn483l=s120-c-rp-mo-br100,3.0,4 tahun lalu,,,True
12,yenny utami,https://www.google.com/maps/contrib/111838398129239542202?hl=id,https://lh3.googleusercontent.com/a-/ALV-UjXultfjwO7VdroOZwf6jtG6675X3XMM59W_-V_2MleTq8MAJbd_=s120-c-rp-mo-br100,5.0,setahun lalu,,,
12,Sandi Darmiantono,https://www.google.com/maps/contrib/117408489122041124104?hl=id,https://lh3.googleusercontent.com/a-/ALV-UjXWjDTk_S799EM_5xoVEZ6JXSSvGRLNdP_jMZa1qgSf4ec1gq24=s120-c-rp-mo-ba2-br100,5.0,5 tahun lalu,,,True
12,zaky M,https://www.google.com/maps/contrib/104078621740933145614?hl=id,https://lh3.googleusercontent.com/a-/ALV-UjVQNaL5fDGDSXfH7QxL-o8ibIh-3rjEOaEZj6O2j1UhhN26NTwC0Q=s120-c-rp-mo-ba4-br100,4.0,9 tahun lalu,,,True
12,yonky listyantoro,https://www.google.com/maps/contrib/109342268353391651037?hl=id,https://lh3.googleusercontent.com/a-/ALV-UjUjOhNJGFEF2ozwgdSCsJaMc1BByo2Hr32YLKBJsO4pvsIYd3v-=s120-c-rp-mo-br100,4.0,setahun lalu,,,True
12,Ibrahim Nata,https://www.google.com/maps/contrib/108481130806448237175?hl=id,https://lh3.googleusercontent.com/a/ACg8ocLsONth6iF7-eUjs36FrDXNkEatWZcA3QHg_lws7n2TI6KIOw=s120-c-rp-mo-br100,5.0,6 tahun lalu,,,
13,said basalim,https://www.google.com/maps/contrib/102614380688335893813?hl=id,https://lh3.googleusercontent.com/a-/ALV-UjWIAq2T_K9Iz8A60FHc16_o5lUY_gJ6tnQrk35U3x96ZNMZ85PZ=s120-c-rp-mo-br100,4.0,5 tahun lalu,,,
13,ARYO SYUJA,https://www.google.com/maps/contrib/102510761392004833621?hl=id,https://lh3.googleusercontent.com/a-/ALV-UjVNIgNM8tgqlrYKPMbIDBmw-L_NNyBhMNxo14kBbzObIEfOi0z0=s120-c-rp-mo-br100,5.0,2 tahun lalu,,,True
13,Mariana Carvalho,https://www.google.com/maps/contrib/100341298774316953027?hl=id,https://lh3.googleusercontent.com/a-/ALV-UjVuJq1U957VRHIR58pLYUfI6F-8A7gBEBjs_cxWQaOT3kkq=s120-c-rp-mo-br100,5.0,4 tahun lalu,,,
13,Sulistiyanto 29,https://www.google.com/maps/contrib/117243759343595554085?hl=id,https://lh3.googleusercontent.com/a/ACg8ocJFKJkSiIQ_zz3RSdn0uqeOOjlDLLD0JYCSGiTDlTQ_DqGgBg=s120-c-rp-mo-br100,5.0,8 tahun lalu,,,
13,Amir Coyrul Sabri,https://www.google.com/maps/contrib/118396892851926744012?hl=id,https://lh3.googleusercontent.com/a-/ALV-UjV7u75CW7EWkCibJMHNMQKbvgm-u7pXgv2ERJWRgwBjrrB1VDmC=s120-c-rp-mo-br100,5.0,6 bulan lalu,,,True
13,Muhammad Akbar,https://www.google.com/maps/contrib/103978049807911156815?hl=id,https://lh3.googleusercontent.com/a-/ALV-UjXW8z0gYCowllgTvrcIGb26YwjeGJ-OeSLFPKCsEHHqyIAQf2j7=s120-c-rp-mo-br100,5.0,4 tahun lalu,,,
13,Nefi Yunilistya,https://www.google.com/maps/contrib/114359153556136701041?hl=id,https://lh3.googleusercontent.com/a-/ALV-UjWHI0zdgsVms2pBNIKp-IIPwupoOh2f8gCaEVEgmsSKOg5YBbpbXA=s120-c-rp-mo-br100,5.0,2 tahun lalu,,,
13,Dewi Purwanti,https://www.google.com/maps/contrib/105658606910064911566?hl=id,https://lh3.googleusercontent.com/a/ACg8ocIZ1_skjLEQWyljyuksUe2Bdp5ea911okeb9R-hK-TAdpmwSw=s120-c-rp-mo-br100,4.0,4 tahun lalu,,,True
13,Abi 'AzKai,https://www.google.com/maps/contrib/116850239570304808625?hl=id,https://lh3.googleusercontent.com/a/ACg8ocJxXOgAn3lPO8veI59vQ3qtbCegRFpKlLaQQr2hHctCyfBqPQ=s120-c-rp-mo-br100,5.0,setahun lalu,,,
13,y anisa,https://www.google.com/maps/contrib/107789824950389779445?hl=id,https://lh3.googleusercontent.com/a-/ALV-UjVMv5XlL-KrVPdSa9Ri2ztm_QK5WTJnqdz5C6xPGm_R7wFLlx7_=s120-c-rp-mo-br100,5.0,8 tahun lalu,,,
14,Risky Wulandari (QW),https://www.google.com/maps/contrib/105846320659227662496?hl=id,https://lh3.googleusercontent.com/a-/ALV-UjWPx--gtj--LTRjDhGMq_PD1m_qOW0bsULLbvKSURyhBbM2mEFD=s120-c-rp-mo-br100,5.0,8 tahun lalu,,,
14,Lailatul Mufidah,https://www.google.com/maps/contrib/112543812374372122420?hl=id,https://lh3.googleusercontent.com/a/ACg8ocJQolaiSL-iKUJpuZpE6gCSmjlAj7Y5jYnD3hRchXQ4QgHfWg=s120-c-rp-mo-br100,5.0,4 tahun lalu,,,True
14,Chandra Wira Utami,https://www.google.com/maps/contrib/104221065959127361320?hl=id,https://lh3.googleusercontent.com/a-/ALV-UjVxwepS9dVl7Q9moTFVd7HNpktfUG5jyYe5fcAYkOoc5imaHc0b=s120-c-rp-mo-ba2-br100,5.0,4 tahun lalu,,,True
14,sari setyaningsih,https://www.google.com/maps/contrib/109171338923812614595?hl=id,https://lh3.googleusercontent.com/a-/ALV-UjWg6UfsaVibmylftWgzmtW0EBRZ2RedTrclO9zBIF32MNtGS5dY=s120-c-rp-mo-br100,5.0,2 tahun lalu,,,True
14,Paskalina Duwit,https://www.google.com/maps/contrib/100577211561439137204?hl=id,https://lh3.googleusercontent.com/a-/ALV-UjWi2Rfgm3QXjHj-xw0RsZDGOtEQUyf7rsWamL5NmHOKmJ_8K22D=s120-c-rp-mo-br100,5.0,4 bulan lalu,,,True
14,Tanfirul Nur Lailli Muhammad,https://www.google.com/maps/contrib/104997018955825750174?hl=id,https://lh3.googleusercontent.com/a-/ALV-UjVTWmO3A0Cuaa4HZKCSxY974c4l82mcx9-ehX67Uc7EHc-ZR7wT=s120-c-rp-mo-ba3-br100,5.0,7 tahun lalu,,,True
14,Deviana Febrianti,https://www.google.com/maps/contrib/100487551602963361504?hl=id,https://lh3.googleusercontent.com/a-/ALV-UjWvgIn3Jzy63FU0OmczG_wyBdXT33xr_Tv5hs2-erK0DsslkpMgqQ=s120-c-rp-mo-ba4-br100,5.0,2 tahun lalu,,,True
14,Billy Maulana,https://www.google.com/maps/contrib/106679698454217412349?hl=id,https://lh3.googleusercontent.com/a-/ALV-UjXAEwksqIzqYZUQnSt-C5zz8RJ5l98zRLDVR33RSyox49aBUWbj=s120-c-rp-mo-ba3-br100,5.0,2 tahun lalu,,,True
14,savedyan malesi,https://www.google.com/maps/contrib/116366274332105788919?hl=id,https://lh3.googleusercontent.com/a/ACg8ocKKkWgGguXOwxsF4pSWMWLNE6Z9VZg92dVDpibCy8fpKsUFWg=s120-c-rp-mo-br100,5.0,6 bulan lalu,,,
14,astri wepe,https://www.google.com/maps/contrib/113725151298617018895?hl=id,https://lh3.googleusercontent.com/a-/ALV-UjW9gGft1w0l2eqLBS14mgnn3QSDNQQDqKJz4GCERLoVlcj1l6Gk=s120-c-rp-mo-ba3-br100,5.0,3 tahun lalu,,,True
15,Arief Santoso,https://www.google.com/maps/contrib/114568391563580472293?hl=id,https://lh3.googleusercontent.com/a-/ALV-UjXG4EtMEg_ING3EtTiVc_hBH0nB4Qe9VIpCDBdi-gfiHj4Dnq8=s120-c-rp-mo-ba4-br100,4.0,8 tahun lalu,,,True
15,Lenny Desiyani,https://www.google.com/maps/contrib/101748733031600293067?hl=id,https://lh3.googleusercontent.com/a/ACg8ocLY2LM161n4IApFyC9E_KZXTLVp31LiqVzqN6ZNd1ggN5x_Ew=s120-c-rp-mo-br100,2.0,4 tahun lalu,,,
15,Nur Roufik,https://www.google.com/maps/contrib/115243447012993857640?hl=id,https://lh3.googleusercontent.com/a-/ALV-UjU3ToCGZ8vbuuYmULI9moj-tGJ2KXINNDHbKjAdzC6bBD_Yl3CL3w=s120-c-rp-mo-br100,5.0,3 tahun lalu,,,True
15,Hafizuddin Al-ansari,https://www.google.com/maps/contrib/116395701686090892405?hl=id,https://lh3.googleusercontent.com/a-/ALV-UjVkrb9zqo2-g67wSQnDpWEGblmw2bqTBYMXK3RJOi9wthxd66Ke7A=s120-c-rp-mo-ba2-br100,5.0,5 tahun lalu,,,True
15,Sya Dev,https://www.google.com/maps/contrib/105212685134968950769?hl=id,https://lh3.googleusercontent.com/a-/ALV-UjWiHVWNXE85vgJzj6kcKz3OZDuYbl3om85dt1hzDNN-OaYDJcYD=s120-c-rp-mo-br100,5.0,2 tahun lalu,,,
15,Brevi Rostrisa,https://www.google.com/maps/contrib/108451503257705059357?hl=id,https://lh3.googleusercontent.com/a-/ALV-UjUxVmUMboSkzXvDqIm2Zm-s0jQxFY5ebykDdPEaDHz01MLwt-L1xg=s120-c-rp-mo-br100,5.0,6 tahun lalu,,,
15,Andini Ayu,https://www.google.com/maps/contrib/110739281343762063727?hl=id,https://lh3.googleusercontent.com/a-/ALV-UjU6XYv_0XcJpLHR2e_jg7NVTJp1m-ivPz29hhwI4se994nci1rV=s120-c-rp-mo-ba2-br100,5.0,5 tahun lalu,,,True
15,Muhammad Nasrulloh,https://www.google.com/maps/contrib/112887620585688898801?hl=id,https://lh3.googleusercontent.com/a-/ALV-UjVqJQD9j-AvV9HsR5ie5tcWKgshWzJIa5iEwLng3vX-LEsg6-5etQ=s120-c-rp-mo-ba3-br100,5.0,3 tahun lalu,,,True
15,Cici Amelia,https://www.google.com/maps/contrib/106295503675638156878?hl=id,https://lh3.googleusercontent.com/a-/ALV-UjXkmkenm0eRupzs64QJ1j8r_VjGZWCErpYXY09AVjfQLn6JrfFD=s120-c-rp-mo-ba3-br100,5.0,7 tahun lalu,,,True
15,edi harnoto,https://www.google.com/maps/contrib/104989861419963291001?hl=id,https://lh3.googleusercontent.com/a-/ALV-UjXjgIi9UlcxDw4uYp4fIIsnUoKIvtaPSkbPB_GfdCGp39JnoiM=s120-c-rp-mo-br100,4.0,4 tahun lalu,,,True
16,Suprianto SE,https://www.google.com/maps/contrib/105895996935008818694?hl=id,https://lh3.googleusercontent.com/a-/ALV-UjXMlY4ARfWCKZLSibacwOIThF7ZUIimBylDaeMpYNAT6h7Vdsxn=s120-c-rp-mo-ba2-br100,5.0,2 tahun lalu,,,True
16,Sheplina Firsty Diamonita,https://www.google.com/maps/contrib/101676674423939740428?hl=id,https://lh3.googleusercontent.com/a-/ALV-UjVvO88EqOefh4n5x5NxAzAF5hQHiofs5Jqj-Jqm5o9yzw2m0gcC=s120-c-rp-mo-ba2-br100,4.0,7 tahun lalu,,,True
16,Mauve Gladious,https://www.google.com/maps/contrib/106463930110326396484?hl=id,https://lh3.googleusercontent.com/a-/ALV-UjX4SU4gnLdMrbaj-hGy00Gy4vmisWJtENR_yTWFFU3AlSRNVkoY=s120-c-rp-mo-br100,5.0,2 tahun lalu,,,
16,Harum Amaliah,https://www.google.com/maps/contrib/109628386271013399757?hl=id,https://lh3.googleusercontent.com/a-/ALV-UjUmsjmA-FraGdB6KN15kPygTW8AOOKMKuuUqISsZQytVeSy1xPJ=s120-c-rp-mo-br100,5.0,5 bulan lalu,,,
16,luvstarsun 98,https://www.google.com/maps/contrib/103331264444101175091?hl=id,https://lh3.googleusercontent.com/a-/ALV-UjX3KmeBT9ECRpraxcJ9rRXeyzGML8Z0_KqtiYQ9SZgSI-ZTXR5D=s120-c-rp-mo-br100,5.0,8 tahun lalu,,,
16,Sulvia Handayani,https://www.google.com/maps/contrib/117762478424879810639?hl=id,https://lh3.googleusercontent.com/a/ACg8ocIcDE5Jpk_Zqnx8tQB0-LcKaS41HymaZIOKVwZxjH6tKrZZxg=s120-c-rp-mo-br100,5.0,7 tahun lalu,,,
16,Titah Hayubunga Dwita,https://www.google.com/maps/contrib/111812758902692354686?hl=id,https://lh3.googleusercontent.com/a-/ALV-UjUoQqI7hn2p36fdw4FUu00fTk3S7o4nwJTLYgLOwhKZCrGB129G=s120-c-rp-mo-br100,5.0,4 tahun lalu,,,
16,Yosua Alvin,https://www.google.com/maps/contrib/113401616390879003983?hl=id,https://lh3.googleusercontent.com/a-/ALV-UjVeUQ5P8iilTojmuJ3wGSnhVwDNHaGXyga5F-PUR5xSrl117i73=s120-c-rp-mo-br100,5.0,4 tahun lalu,,,True
16,Novan Firmansyah,https://www.google.com/maps/contrib/107876431406071818656?hl=id,https://lh3.googleusercontent.com/a-/ALV-UjW4ekYcJ77tlF4UCgnAzAo_QwtzfwsHfueAvMYqTeU-ttfG6KXL=s120-c-rp-mo-br100,5.0,5 tahun lalu,,,
16,fadhilah handayani,https://www.google.com/maps/contrib/100070020111407708981?hl=id,https://lh3.googleusercontent.com/a-/ALV-UjXixR04p3TREBtAd56pCTeHMMhJ5_Z17uucQg2UfYtgdvbnPh0=s120-c-rp-mo-br100,5.0,2 tahun lalu,,,True
17,illa rouhilla,https://www.google.com/maps/contrib/101014801363964931102?hl=id,https://lh3.googleusercontent.com/a/ACg8ocKD-Uho6AiJP5f_mlmRcOz57_CgU42kROhSywzTnisgX-L54w=s120-c-rp-mo-br100,4.0,8 tahun lalu,,,True
17,VERRY SISWANTO,https://www.google.com/maps/contrib/102785149537278375821?hl=id,https://lh3.googleusercontent.com/a-/ALV-UjUq8r8G8KlOAWU3O85eByq-p4cmX6G0mKWOhVdNb8fFQLhLePyd=s120-c-rp-mo-br100,5.0,6 tahun lalu,,,
17,Ayu Ningsih,https://www.google.com/maps/contrib/114458191347086880695?hl=id,https://lh3.googleusercontent.com/a-/ALV-UjV21WDibfwwY062ayDKuUBJJmt5ZkAKYZcazF6heF-x6gQhcsQ=s120-c-rp-mo-br100,5.0,2 tahun lalu,,,
17,Muhammad Hasan,https://www.google.com/maps/contrib/104153396969109671779?hl=id,https://lh3.googleusercontent.com/a-/ALV-UjWLpeLiS-fVFBXncOkSTO1KECH1ztHVvOoScQpUPkRarLuU7SdQ=s120-c-rp-mo-ba4-br100,5.0,5 tahun lalu,,,True
17,Eka Lutfi Septiani,https://www.google.com/maps/contrib/101427413082768262217?hl=id,https://lh3.googleusercontent.com/a/ACg8ocIxrcMo2Aq7vjRLGRryWhXXbXNvkXbLL58hwcSgGCnccxkKrQ=s120-c-rp-mo-br100,5.0,4 tahun lalu,,,
17,Prisma Devi,https://www.google.com/maps/contrib/114254492782297715016?hl=id,https://lh3.googleusercontent.com/a-/ALV-UjXZN5RHbQ4nfiUxV5reQnXKkTwxf2qtsBd3EsfurFlOy4Eay6q8=s120-c-rp-mo-br100,5.0,6 tahun lalu,,,
17,Naufal Maulana,https://www.google.com/maps/contrib/100270247100517577090?hl=id,https://lh3.googleusercontent.com/a-/ALV-UjXCKv3TMVwHZl8byjia5MHzKu_pysWVTqm0YO1BRptmqDsrmX2X=s120-c-rp-mo-br100,5.0,3 bulan lalu,,,True
17,Vebrina Nainggolan,https://www.google.com/maps/contrib/115639091641219472137?hl=id,https://lh3.googleusercontent.com/a-/ALV-UjWaVLKQ_UvVE7M_ktn6LDvO4lswG0fHRhktB83_tQwhTyQksgA=s120-c-rp-mo-br100,5.0,2 tahun lalu,,['https://lh5.googleusercontent.com/p/AF1QipNeBxQ0WTBQ9bcEmPm3Be_uNy7_0pKpgEkJjo_l=w150-h150-k-no-p'],True
17,Naomi Ayu Citra Ningtyas,https://www.google.com/maps/contrib/117815508831288992806?hl=id,https://lh3.googleusercontent.com/a-/ALV-UjUg1uuDn_E2_bjLrjiEOWKpuNaiQOKduunJOscUaU5410o87jKR=s120-c-rp-mo-ba3-br100,5.0,setahun lalu,,,True
17,Brina Miftahurrohmah,https://www.google.com/maps/contrib/117362103705973544811?hl=id,https://lh3.googleusercontent.com/a/ACg8ocJDqacKUdeN9ujy2DzcWBP12pLVe9zolYiBOxUPJghaR7wR-w=s120-c-rp-mo-br100,5.0,2 tahun lalu,,,
18,Aphilian Lah,https://www.google.com/maps/contrib/115411348681552638373?hl=id,https://lh3.googleusercontent.com/a/ACg8ocKvSx34sjLD0SsOkr0bE6KI1oDizd-mlPx2RpxcTLAtRyJPwA=s120-c-rp-mo-br100,5.0,6 tahun lalu,,,True
18,Stefanus Eko Wiratno,https://www.google.com/maps/contrib/107844516905970243453?hl=id,https://lh3.googleusercontent.com/a-/ALV-UjWit6NmHnVess32BolViTbETDlJgYFr9ljiA8dBD2PNuCAIucCm=s120-c-rp-mo-br100,5.0,4 tahun lalu,,,
18,Suci wulandari,https://www.google.com/maps/contrib/107140404977439256747?hl=id,https://lh3.googleusercontent.com/a/ACg8ocJkI1tzP00Owh4HWu6N2U98nC-dLkpFUvn8ZBrX6H1Y5a6p1g=s120-c-rp-mo-br100,4.0,6 tahun lalu,,,
18,HerdiTio Ibrahim,https://www.google.com/maps/contrib/103213879703349508759?hl=id,https://lh3.googleusercontent.com/a-/ALV-UjUJVRWMbmFDnHrsSu_MnyPKQ4XyWOvWcX6pUxaTqrbGxs9oLKRA=s120-c-rp-mo-br100,5.0,4 tahun lalu,,,True
18,Suhartini Suwandari,https://www.google.com/maps/contrib/101429486360133021743?hl=id,https://lh3.googleusercontent.com/a-/ALV-UjWp1fVDnu5Jt1vZWOy3Q1I01wgsCRgf7t5oQbtLXSyeAtPB8b91=s120-c-rp-mo-br100,5.0,6 tahun lalu,,,
18,Syahrilla Alamsyah,https://www.google.com/maps/contrib/115539316749330844702?hl=id,https://lh3.googleusercontent.com/a-/ALV-UjXgcvEFwBe8Ya67EhaEpHZF0WwJ4YJOYWiB_ObfL2_x-iPsbghi=s120-c-rp-mo-br100,5.0,5 tahun lalu,,,True
18,arif pramudya,https://www.google.com/maps/contrib/106696855087705679005?hl=id,https://lh3.googleusercontent.com/a-/ALV-UjVxiD7KLlf2xo2yHzHIeyNYoAEK4Cmfc3FlNL26aqb6AYE2Wog=s120-c-rp-mo-ba4-br100,5.0,setahun lalu,,,True
18,Akhmad Nur Fahrozi,https://www.google.com/maps/contrib/100995119316837998216?hl=id,https://lh3.googleusercontent.com/a-/ALV-UjXPmKDni2HF-i20BhHrWPKijyJDrubfB4qrcae2ZOxQ0vZYnBrLzA=s120-c-rp-mo-br100,5.0,4 tahun lalu,,,True
18,putri dwi oktaviana,https://www.google.com/maps/contrib/106715171636569880377?hl=id,https://lh3.googleusercontent.com/a-/ALV-UjWCJzHZwTMobD6dDjDplb6r99fqwuaLIawF3wk51BzIG6jUJqLk=s120-c-rp-mo-br100,5.0,4 tahun lalu,,,
18,Nurhadi Kusdianto,https://www.google.com/maps/contrib/101861504916901835694?hl=id,https://lh3.googleusercontent.com/a-/ALV-UjXqKRYgSM2C1DAg7AmN2_-DD5qOWvdnqDIbmeg9dX8C-l33MG4=s120-c-rp-mo-br100,5.0,3 tahun lalu,,,True
19,Putri Sea Paramita,https://www.google.com/maps/contrib/108682170131753051559?hl=id,https://lh3.googleusercontent.com/a/ACg8ocLjvoT3AGQJS-ngt37KjVHPPMe8bDAQpyqTnXgkSAoMiSA9DA=s120-c-rp-mo-br100,5.0,4 tahun lalu,,,
19,PUGOH AJI LEKSONO,https://www.google.com/maps/contrib/117482924449669045063?hl=id,https://lh3.googleusercontent.com/a-/ALV-UjUjANdxHL3PP2-s2jK-f1C8rG9P197OO7w4nsLhgL_Fg4SbW5Ba=s120-c-rp-mo-br100,5.0,6 tahun lalu,,,True
19,Amelia Wahyu Erwanto Erwanto,https://www.google.com/maps/contrib/108934434443333761991?hl=id,https://lh3.googleusercontent.com/a/ACg8ocKUqBg1QdTGEFQBrY8fUILxnMJBMDZdCCR-pXdVdCp__M5AEg=s120-c-rp-mo-br100,5.0,5 tahun lalu,,,True
19,Fathur,https://www.google.com/maps/contrib/114624996639859106924?hl=id,https://lh3.googleusercontent.com/a-/ALV-UjVdxdBEE5sRCEYPSi7fMMkoZXyMuU_yJJbg8tdom_9LJjt3WCUL=s120-c-rp-mo-ba3-br100,5.0,6 tahun lalu,,,True
19,Sutri Ono,https://www.google.com/maps/contrib/104083015161577993003?hl=id,https://lh3.googleusercontent.com/a-/ALV-UjXHJ_DpkGI9imY66MyWxYk6Gpz3az3cYakIA58R7R_mazrVHws=s120-c-rp-mo-br100,1.0,7 tahun lalu,,,
19,Star7 00,https://www.google.com/maps/contrib/106495050541179989441?hl=id,https://lh3.googleusercontent.com/a-/ALV-UjWKLgSeSg2jDM_A_gu4ytDaGKCf4XC-xZFzlhqUpubcBEcC3rlVZw=s120-c-rp-mo-br100,5.0,8 tahun lalu,,,
19,Fauzan Zaidi,https://www.google.com/maps/contrib/103432385758697200392?hl=id,https://lh3.googleusercontent.com/a-/ALV-UjU2-fLZm4xp76Qpvu9LJYMv-PreWL41BUftrSyjCUQn-dWWZ2__=s120-c-rp-mo-ba4-br100,5.0,3 tahun lalu,,,True
19,aya herlin,https://www.google.com/maps/contrib/100346945998928624903?hl=id,https://lh3.googleusercontent.com/a-/ALV-UjW4l09aRGNr5nZ-Leehw9nXwpHt9OphVGTvnuENRchuPuSZUW8-=s120-c-rp-mo-br100,5.0,8 tahun lalu,,,
19,Affandi Asyhari,https://www.google.com/maps/contrib/113030388286941944728?hl=id,https://lh3.googleusercontent.com/a-/ALV-UjXJc-3Q_FIyQuwoZj8fkLdf0SkdRR0M3AMmZMRlPpEPonBJQ1MF=s120-c-rp-mo-ba4-br100,5.0,4 tahun lalu,,,True
19,Widya L,https://www.google.com/maps/contrib/111360323843648937337?hl=id,https://lh3.googleusercontent.com/a-/ALV-UjXJK86KGPcdvqCGNoMl7DJs_8kT4vhaOKuVvufLagQrDNHecKMu-w=s120-c-rp-mo-ba3-br100,5.0,7 tahun lalu,,,True
20,Alief Fayrus,https://www.google.com/maps/contrib/109439467233941758110?hl=id,https://lh3.googleusercontent.com/a-/ALV-UjUAUMrxrPyQSi969fr-eM7sXVwSE1iJIM3uXUVi7vqwwgpNb5Nt=s120-c-rp-mo-br100,5.0,3 tahun lalu,,,
20,Alifia Yuanika Rahmawati,https://www.google.com/maps/contrib/100507767787604525098?hl=id,https://lh3.googleusercontent.com/a-/ALV-UjVfmCR1Da3bwgBlZ5qOUAJsH6WWHEMdhlZBiQcCu7plAyFt6vJ4=s120-c-rp-mo-br100,5.0,3 tahun lalu,,,
20,Fadhil Irvansyah,https://www.google.com/maps/contrib/107696250753064427416?hl=id,https://lh3.googleusercontent.com/a-/ALV-UjUZNfdd9WcGoh_qxvZ1wcVHuMHaClZ3JdBRbj9jCq6H_scCkgDL=s120-c-rp-mo-ba3-br100,5.0,10 bulan lalu,,,True
20,madina amazing,https://www.google.com/maps/contrib/117409458715631467484?hl=id,https://lh3.googleusercontent.com/a-/ALV-UjUGIbL-fyhCtxPpOWe5lhKgUlc9JbcuroO8KFqXxqyLHU1xK2k=s120-c-rp-mo-br100,5.0,6 tahun lalu,,,
20,SMART,https://www.google.com/maps/contrib/109175287036323989754?hl=id,https://lh3.googleusercontent.com/a/ACg8ocIegLc13MuNWBFwSBYueItp62I5w1b5rnrmfZewIWEk4QliWBw=s120-c-rp-mo-br100,1.0,5 bulan lalu,,,
20,Notaris Yuli Endah Wardantik (Notaris Danti),https://www.google.com/maps/contrib/115443343213562049301?hl=id,https://lh3.googleusercontent.com/a-/ALV-UjXGg8lhndxo3hLFWNNzEOoGH8nsKSa9G4X79Ve0cWQ5JuE_Q8tr=s120-c-rp-mo-br100,5.0,4 tahun lalu,,,
20,khusnul,https://www.google.com/maps/contrib/114056120371848248693?hl=id,https://lh3.googleusercontent.com/a/ACg8ocJEVq1tepZqotZQkR7DcQAZ1BmkuGuvrrbiR_oEK0ReLcF46wk=s120-c-rp-mo-ba4-br100,4.0,2 tahun lalu,,,True
20,khaf,https://www.google.com/maps/contrib/105330912434255851612?hl=id,https://lh3.googleusercontent.com/a-/ALV-UjU-bDM72jDxdGdu6N0SLtkDfJut1xczX-IJ8jBt3RRGQ7xZowGZiQ=s120-c-rp-mo-br100,5.0,4 tahun lalu,,,True
20,dewi rismala,https://www.google.com/maps/contrib/102525365456425260943?hl=id,https://lh3.googleusercontent.com/a-/ALV-UjWQHiahd46cKdIPVUN_DjsrPxTBYs2-aJWd9Aa4P30x3jk-8E1H=s120-c-rp-mo-br100,4.0,2 tahun lalu,,,True
20,Veny Lidiawati,https://www.google.com/maps/contrib/103805345372590230709?hl=id,https://lh3.googleusercontent.com/a/ACg8ocI0nX42i-rEmGDPigPrjTcCK83qJ3Pul3JYbffmCpwefP4kiQ=s120-c-rp-mo-br100,5.0,4 tahun lalu,,,
21,nabilla1 akbarindo,https://www.google.com/maps/contrib/118325462252465459986?hl=id,https://lh3.googleusercontent.com/a-/ALV-UjWUiBYm82-clIawRJP9rTZxv4Dy8DeWNjqXF3lvRL_6a2sha0w=s120-c-rp-mo-ba3-br100,3.0,6 tahun lalu,,,True
21,Lukman Hakim_ Kargo,https://www.google.com/maps/contrib/117247221433937191447?hl=id,https://lh3.googleusercontent.com/a-/ALV-UjXvWGPmEBJoCm-D0fb_fhJ4UmnXxQhad-waVPmI2_gprUeq60c=s120-c-rp-mo-br100,5.0,2 tahun lalu,,,
21,Ameliya Putri,https://www.google.com/maps/contrib/106829174744880436062?hl=id,https://lh3.googleusercontent.com/a/ACg8ocKMtsyGPKS8XIrZQWPyIn0SvLzH26-JuddR5Assl097PeaiMg=s120-c-rp-mo-br100,5.0,6 tahun lalu,,,
21,Wilmu Wil,https://www.google.com/maps/contrib/100321526166635334703?hl=id,https://lh3.googleusercontent.com/a-/ALV-UjWlOiHykt-XuAyB8NejSTLCqO5M3muKuaeZozwb1LcSXgsXGjl_=s120-c-rp-mo-br100,1.0,7 tahun lalu,,,True
21,Budiarna Nur Rochmad,https://www.google.com/maps/contrib/116493885121163625162?hl=id,https://lh3.googleusercontent.com/a/ACg8ocIBcTCZF3hpqhwt3PbBcxubUJIvlZwU2ffRT8_IA-lEzJdEYIRy=s120-c-rp-mo-ba3-br100,5.0,7 tahun lalu,,,True
21,Abdul Halim,https://www.google.com/maps/contrib/115097023221881857692?hl=id,https://lh3.googleusercontent.com/a-/ALV-UjX-LHZVgQAQUEamNtEq2zAOXoY8D4bL6idoWRg7qdGiSvS7TzUy=s120-c-rp-mo-br100,1.0,5 tahun lalu,,,
21,Mukhit M,https://www.google.com/maps/contrib/110975277980883942981?hl=id,https://lh3.googleusercontent.com/a-/ALV-UjW6o_kAeM2FHsZkmHLttHbIRaoYycdrMnxz2hCGAU8uicW0fG16=s120-c-rp-mo-br100,4.0,6 tahun lalu,,,
21,Tjiptohadi Sawarjuwono,https://www.google.com/maps/contrib/104263939298676130871?hl=id,https://lh3.googleusercontent.com/a-/ALV-UjVpub8Zxr9fVmH1VA-7eGLjsR3zMBIbc77WIg340VkhOW__kawL5A=s120-c-rp-mo-br100,5.0,4 tahun lalu,,,
21,Okta Armansyah,https://www.google.com/maps/contrib/103083899505496814593?hl=id,https://lh3.googleusercontent.com/a-/ALV-UjU3DVzSskWODNGgUOeG0s5HQ5ZyuSjP9JXV-_gNXrNfE2CiZWI=s120-c-rp-mo-br100,5.0,5 tahun lalu,,,True
21,Aulia Hanni,https://www.google.com/maps/contrib/114083260756521487753?hl=id,https://lh3.googleusercontent.com/a-/ALV-UjXS368ZJp16KYXI7wZMIgYnDFoXI_2_xzIcPxXz22riwbZUWt_t=s120-c-rp-mo-br100,5.0,4 tahun lalu,,,
22,fitri dyaningsih,https://www.google.com/maps/contrib/100595201503831468421?hl=id,https://lh3.googleusercontent.com/a/ACg8ocJbLuPYQMkaXJ43isaZ6GW7H8BjwQK5DoHeF09WRZBWP6yR=s120-c-rp-mo-ba3-br100,5.0,2 tahun lalu,,,True
22,Annisah Dwi,https://www.google.com/maps/contrib/109927535740921577113?hl=id,https://lh3.googleusercontent.com/a/ACg8ocKsY6m1XLLSDmIz4XrLr8nvdZJJ0RUxDTcz6jjG4oxOT2IM5w=s120-c-rp-mo-br100,5.0,3 tahun lalu,,,
